id,fraud
lab_0,0.0911701604226303
lab_1,0.01996293372654713
lab_2,0.03138561132130084
lab_3,0.23204637741013445
lab_4,0.16204441746383927
lab_5,0.44926745501458254
lab_6,0.03172179848824882
lab_7,0.038025315603947764
lab_8,0.17223188743520393
lab_9,0.099663252096908
lab_10,0.023476708042576826
lab_11,0.03769655725813947
lab_12,0.01996293372654713
lab_13,0.15936851912001493
lab_14,0.05538761931772638
lab_15,0.01996293372654713
lab_16,0.14290359036579034
lab_17,0.30090669598225517
lab_18,0.024423823462412148
lab_19,0.029147838180646948
lab_20,0.01977676875639222
lab_21,0.01996293372654713
lab_22,0.02658887359924417
lab_23,0.09155858802962599
lab_24,0.02783541011908013
lab_25,0.01996293372654713
lab_26,0.23216620024483728
lab_27,0.023069803531452163
lab_28,0.1111663985979024
lab_29,0.0688675009203729
lab_30,0.10943031611124936
lab_31,0.06240130031925897
lab_32,0.17274066644388092
lab_33,0.03888741296023936
lab_34,0.02130179828523718
lab_35,0.03363318927007728
lab_36,0.03326417505268647
lab_37,0.44607411854468226
lab_38,0.04350864493334138
lab_39,0.01996293372654713
lab_40,0.05562238985539387
lab_41,0.02023369316274192
lab_42,0.0229438921838158
lab_43,0.02865428650309698
lab_44,0.01995201642634321
lab_45,0.020503092258203896
lab_46,0.41022611429271694
lab_47,0.44431530413698855
lab_48,0.022059290473584476
lab_49,0.29676643384710377
lab_50,0.020856676739792145
lab_51,0.16130676134528937
lab_52,0.030343484342658135
lab_53,0.9560076968040342
lab_54,0.03321505796597112
lab_55,0.09377382139287474
lab_56,0.09832765807784427
lab_57,0.026631020730108552
lab_58,0.039652530819541086
lab_59,0.2838221061283005
lab_60,0.019952016426343196
lab_61,0.01996293372654713
lab_62,0.03887243000527917
lab_63,0.12819409753112493
lab_64,0.01996293372654713
lab_65,0.15165351276382688
lab_66,0.02432559664309261
lab_67,0.3445511939947676
lab_68,0.01996293372654713
lab_69,0.08915564848811111
lab_70,0.11488503325374497
lab_71,0.038687323386409435
lab_72,0.0862098800525218
lab_73,0.03957769134020691
lab_74,0.030170754285625174
lab_75,0.019952016426343196
lab_76,0.03094132861704718
lab_77,0.025961056690222365
lab_78,0.02193690970424126
lab_79,0.025507252699176235
lab_80,0.01996293372654713
lab_81,0.23655121512801902
lab_82,0.025390352297230558
lab_83,0.04914541982176849
lab_84,0.02229145814304743
lab_85,0.01996293372654713
lab_86,0.02025379440449235
lab_87,0.22601254061836296
lab_88,0.030848667160396914
lab_89,0.026388396106952868
lab_90,0.040300040531131245
lab_91,0.5974449595339804
lab_92,0.14297244625759203
lab_93,0.023516269395972095
lab_94,0.03650300223400961
lab_95,0.0208631163544867
lab_96,0.02172894321022344
lab_97,0.21441063329344578
lab_98,0.025773657534241438
lab_99,0.020599037797919363
lab_100,0.13166869340747514
lab_101,0.027391255995677363
lab_102,0.49905987780962674
lab_103,0.09832765807784427
lab_104,0.02293703996859799
lab_105,0.01996293372654713
lab_106,0.01996293372654713
lab_107,0.04277634698729032
lab_108,0.026599297051185074
lab_109,0.03281591858154857
lab_110,0.05959337434513471
lab_111,0.02213332201840066
lab_112,0.03728542231513609
lab_113,0.029018480296198728
lab_114,0.025476177073212248
lab_115,0.019952016426343196
lab_116,0.16268270006568747
lab_117,0.05379523840940923
lab_118,0.02172654624177405
lab_119,0.022502977139784643
lab_120,0.01996293372654713
lab_121,0.023578442235416313
lab_122,0.030922767218255796
lab_123,0.07582933193538935
lab_124,0.1036507975068101
lab_125,0.01996293372654713
lab_126,0.6042717334748283
lab_127,0.01977676875639221
lab_128,0.2695791787410612
lab_129,0.024253976769022058
lab_130,0.2673930447168951
lab_131,0.07195250096829615
lab_132,0.023689194598306287
lab_133,0.027927062024535692
lab_134,0.04584829788030889
lab_135,0.24458407616316147
lab_136,0.01996293372654713
lab_137,0.033788855416445225
lab_138,0.02204783655331994
lab_139,0.021296812668279454
lab_140,0.02957442956977381
lab_141,0.023636516063565375
lab_142,0.02618041841238311
lab_143,0.7644409674526979
lab_144,0.029801928910379562
lab_145,0.03940615774065827
lab_146,0.01977676875639221
lab_147,0.01996293372654713
lab_148,0.03405369414399137
lab_149,0.03888741296023934
lab_150,0.19441151385249894
lab_151,0.7578663705478085
lab_152,0.05438304447238467
lab_153,0.023892259410159124
lab_154,0.01996293372654713
lab_155,0.22614735358418295
lab_156,0.03155311600568389
lab_157,0.4835876131144006
lab_158,0.019952016426343186
lab_159,0.176830774780889
lab_160,0.11018318838345986
lab_161,0.1108499771374505
lab_162,0.04601161803383701
lab_163,0.06360880078040333
lab_164,0.0639650484773565
lab_165,0.03281591858154857
lab_166,0.01996293372654713
lab_167,0.06392019239991342
lab_168,0.17425512912900967
lab_169,0.021865286048009178
lab_170,0.01995201642634321
lab_171,0.01996293372654713
lab_172,0.049059344610977246
lab_173,0.01996293372654713
lab_174,0.020887559182801725
lab_175,0.07301157576850609
lab_176,0.1009103387807061
lab_177,0.5000606885466611
lab_178,0.8933125107062978
lab_179,0.02304467829952131
lab_180,0.2838221061283005
lab_181,0.01995201642634321
lab_182,0.02806105196950956
lab_183,0.11383347856060202
lab_184,0.024491257293072416
lab_185,0.18899991771196284
lab_186,0.02320253299090668
lab_187,0.3047885429889594
lab_188,0.049344381280207746
lab_189,0.04151658589371766
lab_190,0.027600232930375345
lab_191,0.01996293372654713
lab_192,0.02045470439061246
lab_193,0.027962694967031597
lab_194,0.01996293372654713
lab_195,0.01996293372654713
lab_196,0.03637737533995693
lab_197,0.05947310960871209
lab_198,0.18448779143172822
lab_199,0.06954728968649249
lab_200,0.01996293372654713
lab_201,0.08288121982645552
lab_202,0.021821145613040466
lab_203,0.02018706830780846
lab_204,0.01996293372654713
lab_205,0.08111043368050412
lab_206,0.028912659219701344
lab_207,0.11819730251522916
lab_208,0.020641080520355074
lab_209,0.01996293372654713
lab_210,0.020781216108239506
lab_211,0.0452304078961275
lab_212,0.023552666630324574
lab_213,0.02340022614571429
lab_214,0.030715796649584796
lab_215,0.05296463573488143
lab_216,0.774510106653153
lab_217,0.0868279150966364
lab_218,0.0237762703044225
lab_219,0.06120197959465174
lab_220,0.1689662877240709
lab_221,0.4040512659371352
lab_222,0.20078383480361262
lab_223,0.17743001729236085
lab_224,0.02178015765590473
lab_225,0.5164252674539364
lab_226,0.09994998069801897
lab_227,0.5210287514065439
lab_228,0.036553108508009496
lab_229,0.05872039477394248
lab_230,0.7648066950559393
lab_231,0.04124299668305086
lab_232,0.035417854311377124
lab_233,0.019952016426343196
lab_234,0.024507968494762222
lab_235,0.02980931538938691
lab_236,0.1263599776959767
lab_237,0.09361015230197464
lab_238,0.34725133376850625
lab_239,0.08899901555601894
lab_240,0.042621291653185935
lab_241,0.02904485617071147
lab_242,0.05415524606135347
lab_243,0.06903481044492073
lab_244,0.021668491594877062
lab_245,0.02200036398178154
lab_246,0.021511954650487303
lab_247,0.0579775004064038
lab_248,0.034394447834128296
lab_249,0.02760685770366167
lab_250,0.03292005504537187
lab_251,0.03829190511314626
lab_252,0.019952016426343186
lab_253,0.03861676258021928
lab_254,0.040098553800516884
lab_255,0.14295236102795839
lab_256,0.13405394005201854
lab_257,0.01977676875639222
lab_258,0.02776183222939336
lab_259,0.05054840150189536
lab_260,0.04591435357996317
lab_261,0.029882826283259202
lab_262,0.02831217764207995
lab_263,0.0778642517512074
lab_264,0.019952016426343196
lab_265,0.03763811491662743
lab_266,0.07497151554171962
lab_267,0.06722655577928519
lab_268,0.041334826159897455
lab_269,0.020781216108239523
lab_270,0.06674791269763732
lab_271,0.020696126810029403
lab_272,0.01996293372654713
lab_273,0.06763728938975899
lab_274,0.021965146487274833
lab_275,0.020951179670327388
lab_276,0.20054250696567452
lab_277,0.022845310457033002
lab_278,0.8323320419842396
lab_279,0.05270793220481962
lab_280,0.02670735515116304
lab_281,0.02200036398178154
lab_282,0.019952016426343196
lab_283,0.0612942020952219
lab_284,0.021684103826360657
lab_285,0.05438002610728659
lab_286,0.029794139776368748
lab_287,0.02869088511281932
lab_288,0.16614337236442706
lab_289,0.01996293372654713
lab_290,0.0932933400543889
lab_291,0.03216977809674734
lab_292,0.9139970578389555
lab_293,0.022597761247521112
lab_294,0.23737010278028925
lab_295,0.1863856622756051
lab_296,0.07355117253127884
lab_297,0.029794139776368748
lab_298,0.01996293372654713
lab_299,0.34756814301050537
lab_300,0.02446101261131199
lab_301,0.7696638871335216
lab_302,0.02267538111429401
lab_303,0.19415332122897183
lab_304,0.03206205870960812
lab_305,0.10574473396734727
lab_306,0.022141432903901675
lab_307,0.02120940383497605
lab_308,0.47626138056741396
lab_309,0.02484056170697987
lab_310,0.08409560488969789
lab_311,0.020112939042997505
lab_312,0.020821709819666873
lab_313,0.01996293372654713
lab_314,0.36523584808054976
lab_315,0.020266074008432396
lab_316,0.020739533199469338
lab_317,0.03248171232745207
lab_318,0.02828185840579602
lab_319,0.029173123638493302
lab_320,0.01996293372654713
lab_321,0.07387907637804443
lab_322,0.020696126810029403
lab_323,0.08101561491842588
lab_324,0.7737028390587212
lab_325,0.2762097770291317
lab_326,0.03214464849230579
lab_327,0.040137521223764176
lab_328,0.05958996082920958
lab_329,0.04643609804537809
lab_330,0.8303979022434743
lab_331,0.04912175007265754
lab_332,0.021558271301038847
lab_333,0.12353690955847012
lab_334,0.07131181200603488
lab_335,0.08952102510942371
lab_336,0.021570629782224515
lab_337,0.028832939574459454
lab_338,0.4816911321585595
lab_339,0.02101518653352173
lab_340,0.024902655685525125
lab_341,0.03425943321499728
lab_342,0.06502668055099253
lab_343,0.03200423768467355
lab_344,0.2075996166766946
lab_345,0.03672629656388822
lab_346,0.023360522887476906
lab_347,0.22653354258044187
lab_348,0.05926402438266934
lab_349,0.03369976944208624
lab_350,0.02130179828523718
lab_351,0.041402726474329125
lab_352,0.01996293372654713
lab_353,0.7690303425421764
lab_354,0.04683799069553937
lab_355,0.03923835474785174
lab_356,0.02706553304973222
lab_357,0.02025791838187182
lab_358,0.023884357329760107
lab_359,0.0607208231231631
lab_360,0.029201386289931703
lab_361,0.023335267386230256
lab_362,0.01996293372654713
lab_363,0.01996293372654713
lab_364,0.01977676875639222
lab_365,0.02486447398542425
lab_366,0.01977676875639221
lab_367,0.19704659780983988
lab_368,0.04914758969520224
lab_369,0.3296152916896109
lab_370,0.028166071667796912
lab_371,0.09176812593184337
lab_372,0.08351290181815564
lab_373,0.020082148234913087
lab_374,0.03383538177665658
lab_375,0.8814752794072469
lab_376,0.04123512463164054
lab_377,0.028880834191938647
lab_378,0.4390951773349929
lab_379,0.025295981910831766
lab_380,0.3133802931717898
lab_381,0.025005685847682164
lab_382,0.01995201642634321
lab_383,0.061721403060837725
lab_384,0.8135878717023852
lab_385,0.025961056690222365
lab_386,0.022597761247521112
lab_387,0.12551459109257393
lab_388,0.038527891737200996
lab_389,0.03763955422313523
lab_390,0.4346588317914516
lab_391,0.038184003730484396
lab_392,0.050473594376115156
lab_393,0.01996293372654713
lab_394,0.10609187145813338
lab_395,0.031868168671534254
lab_396,0.01996293372654713
lab_397,0.021041060728372637
lab_398,0.03180483461927666
lab_399,0.020380741088907948
lab_400,0.021072554802270427
lab_401,0.01996293372654713
lab_402,0.027583148645266193
lab_403,0.01996293372654713
lab_404,0.046005835221022404
lab_405,0.041186478004823876
lab_406,0.026349747900880238
lab_407,0.039570066568913514
lab_408,0.10523563765100576
lab_409,0.024666756993537053
lab_410,0.06674791269763732
lab_411,0.1531995636391625
lab_412,0.09686337875227448
lab_413,0.020456782462198852
lab_414,0.13944642579339195
lab_415,0.059967975017757344
lab_416,0.021668491594877062
lab_417,0.023844359783595673
lab_418,0.07235437231001472
lab_419,0.01995201642634321
lab_420,0.021163668534641744
lab_421,0.02095215386257209
lab_422,0.02927839129267828
lab_423,0.10131140603557308
lab_424,0.019952016426343196
lab_425,0.1531871018683548
lab_426,0.023094225678967815
lab_427,0.025006364061339322
lab_428,0.044773621626169297
lab_429,0.045065731127324066
lab_430,0.027433168965135396
lab_431,0.49499009474075234
lab_432,0.03273713235852373
lab_433,0.01996293372654713
lab_434,0.01977676875639222
lab_435,0.05296463573488143
lab_436,0.722378162917816
lab_437,0.027366524783530383
lab_438,0.02650289041998293
lab_439,0.08323146947468345
lab_440,0.02967543288334616
lab_441,0.3884828625344149
lab_442,0.06700505631448823
lab_443,0.12254964995296637
lab_444,0.024853820360070455
lab_445,0.030357362729933998
lab_446,0.824704384990123
lab_447,0.6770434348006595
lab_448,0.034997734865839535
lab_449,0.04206583116039355
lab_450,0.037338322663415545
lab_451,0.030379588566942565
lab_452,0.020300766427004333
lab_453,0.12990628218573277
lab_454,0.02927839129267828
lab_455,0.12507597146319807
lab_456,0.025390352297230558
lab_457,0.01996293372654713
lab_458,0.01996293372654713
lab_459,0.02266574319514456
lab_460,0.029024354205730032
lab_461,0.01996293372654713
lab_462,0.04250074527558922
lab_463,0.06761805832432943
lab_464,0.022141432903901675
lab_465,0.03992552545224078
lab_466,0.40527969622389964
lab_467,0.01996293372654713
lab_468,0.020677162238757478
lab_469,0.022597761247521112
lab_470,0.01977676875639221
lab_471,0.02315452084031877
lab_472,0.03645386844588186
lab_473,0.07932469353297517
lab_474,0.027486333239804123
lab_475,0.01996293372654713
lab_476,0.02802873819244696
lab_477,0.028748805788718686
lab_478,0.1161192435640433
lab_479,0.02384811664649112
lab_480,0.021143175554222647
lab_481,0.03309241902952357
lab_482,0.04897827429388645
lab_483,0.02178936070711937
lab_484,0.020599037797919363
lab_485,0.3704580294892905
lab_486,0.02215843155231509
lab_487,0.029324004602647814
lab_488,0.02223170395164482
lab_489,0.044328532302274064
lab_490,0.11413218657845464
lab_491,0.0787671874661708
lab_492,0.021359577810243852
lab_493,0.02023369316274192
lab_494,0.09405607312918841
lab_495,0.3931149012738834
lab_496,0.02172894321022344
lab_497,0.02099301790015605
lab_498,0.02439378228467419
lab_499,0.7862532976152314
lab_500,0.15721850382316363
lab_501,0.2787208969532945
lab_502,0.01996293372654713
lab_503,0.038331048670170044
lab_504,0.27176490701102896
lab_505,0.05492064013067554
lab_506,0.01977676875639222
lab_507,0.057144359683412006
lab_508,0.030005044203424144
lab_509,0.18101115060001288
lab_510,0.04442434702811524
lab_511,0.04630319511411356
lab_512,0.01996293372654713
lab_513,0.05328219404508993
lab_514,0.03071781201901564
lab_515,0.02115762385911998
lab_516,0.6157586168867489
lab_517,0.06196748507408627
lab_518,0.09358103244021303
lab_519,0.10086547323360971
lab_520,0.01996293372654713
lab_521,0.15628458769457138
lab_522,0.01977676875639222
lab_523,0.02120258038819946
lab_524,0.020595879519714207
lab_525,0.17901502307932646
lab_526,0.054196749005269725
lab_527,0.01996293372654713
lab_528,0.02831481336631226
lab_529,0.028476493714979796
lab_530,0.31171841289275365
lab_531,0.2180318746319596
lab_532,0.019952016426343196
lab_533,0.02172894321022344
lab_534,0.01996293372654713
lab_535,0.01996293372654713
lab_536,0.02183448349681803
lab_537,0.1159258776293015
lab_538,0.3644862528133588
lab_539,0.025432309624808684
lab_540,0.01977676875639222
lab_541,0.023856521921698855
lab_542,0.020982334128954405
lab_543,0.021817503674672778
lab_544,0.020148229848336835
lab_545,0.4347391004546912
lab_546,0.034237839716566534
lab_547,0.15910400475890044
lab_548,0.8797410804812139
lab_549,0.04682764769898387
lab_550,0.028912659219701313
lab_551,0.01996293372654713
lab_552,0.04246114596899919
lab_553,0.19654806464440924
lab_554,0.4159225459079894
lab_555,0.20624560021788865
lab_556,0.08027152393085658
lab_557,0.01996293372654713
lab_558,0.028912659219701344
lab_559,0.03869557174442976
lab_560,0.23090073519120785
lab_561,0.01996293372654713
lab_562,0.04142566179484561
lab_563,0.019952016426343186
lab_564,0.01996293372654713
lab_565,0.01996293372654713
lab_566,0.07707029216103903
lab_567,0.020984091628271664
lab_568,0.01996293372654713
lab_569,0.2283049639318195
lab_570,0.08949948768924745
lab_571,0.23737010278028925
lab_572,0.019952016426343196
lab_573,0.020257918381871836
lab_574,0.33171865997713956
lab_575,0.05238241356237772
lab_576,0.034773016538124014
lab_577,0.01977676875639222
lab_578,0.025732376290524536
lab_579,0.06350183480624498
lab_580,0.03586041050042069
lab_581,0.028445552957433038
lab_582,0.1762253055937408
lab_583,0.029194837365160875
lab_584,0.08341338399395133
lab_585,0.03823711633249448
lab_586,0.0375052687321154
lab_587,0.02061351283528752
lab_588,0.02214363618727924
lab_589,0.01996293372654713
lab_590,0.028816290106671645
lab_591,0.05140305550411114
lab_592,0.02130179828523718
lab_593,0.024996413544042174
lab_594,0.03966883419730776
lab_595,0.01995201642634321
lab_596,0.02074781396687612
lab_597,0.02729129570095208
lab_598,0.02109082202755573
lab_599,0.05001100154974809
lab_600,0.019952016426343203
lab_601,0.01996293372654713
lab_602,0.01996293372654713
lab_603,0.23915925525002016
lab_604,0.10576052889068828
lab_605,0.01977676875639221
lab_606,0.07771243959130579
lab_607,0.019952016426343196
lab_608,0.04367304851823292
lab_609,0.021846938347524415
lab_610,0.8527796160777303
lab_611,0.06370744909173427
lab_612,0.060743394466127636
lab_613,0.01996293372654713
lab_614,0.038975150126222394
lab_615,0.01996293372654713
lab_616,0.15877870257448112
lab_617,0.024157281388093844
lab_618,0.03530267768830765
lab_619,0.13240506649136882
lab_620,0.03650419853558235
lab_621,0.036230088410062096
lab_622,0.034672741426543155
lab_623,0.01996293372654713
lab_624,0.01996293372654713
lab_625,0.025541646186599827
lab_626,0.21549220363826943
lab_627,0.02223170395164482
lab_628,0.01977676875639222
lab_629,0.020781216108239506
lab_630,0.01995201642634321
lab_631,0.038587822473278424
lab_632,0.3266317679176888
lab_633,0.09963487468144844
lab_634,0.11116763052337993
lab_635,0.04471346139283026
lab_636,0.02200036398178154
lab_637,0.02086277881284196
lab_638,0.01995201642634321
lab_639,0.0238419225952502
lab_640,0.019952016426343196
lab_641,0.01977676875639221
lab_642,0.04824679146230382
lab_643,0.04037728111662318
lab_644,0.020884726082707257
lab_645,0.8369835496598256
lab_646,0.15971244334992837
lab_647,0.04565890480424843
lab_648,0.9552689294919398
lab_649,0.14270370714493286
lab_650,0.01996293372654713
lab_651,0.061140238108862585
lab_652,0.02023932722900409
lab_653,0.11283776778543642
lab_654,0.02169974947464441
lab_655,0.026965166117572825
lab_656,0.22233494804582735
lab_657,0.2405459144363923
lab_658,0.01977676875639222
lab_659,0.035334819135035854
lab_660,0.024395061965945583
lab_661,0.029833139091154415
lab_662,0.01996293372654713
lab_663,0.15431048563664018
lab_664,0.01996293372654713
lab_665,0.02187878122720893
lab_666,0.025507252699176235
lab_667,0.020996410766758466
lab_668,0.13949235017598852
lab_669,0.03030423822900363
lab_670,0.03391906204441597
lab_671,0.02302241440470617
lab_672,0.01996293372654713
lab_673,0.022043026755366922
lab_674,0.05982226730396502
lab_675,0.09872607748012904
lab_676,0.035080636542575296
lab_677,0.02574985315729504
lab_678,0.11883170557627742
lab_679,0.024684518834697366
lab_680,0.10971358505179321
lab_681,0.029024354205730032
lab_682,0.1071189782085944
lab_683,0.3590502659587081
lab_684,0.25002693557749667
lab_685,0.1368878581915725
lab_686,0.17670213255741507
lab_687,0.0237308378768472
lab_688,0.020887559182801725
lab_689,0.26979318347797815
lab_690,0.01996293372654713
lab_691,0.2688001992623878
lab_692,0.19526463980021358
lab_693,0.0328853683230171
lab_694,0.021467465251898857
lab_695,0.024829230749283716
lab_696,0.022018538843128283
lab_697,0.8762969088169354
lab_698,0.10653457557244603
lab_699,0.031094419862453353
lab_700,0.02522216903673873
lab_701,0.022753704682258933
lab_702,0.020544761608178388
lab_703,0.02208981963266392
lab_704,0.01996293372654713
lab_705,0.05654636122911403
lab_706,0.04158405893781505
lab_707,0.024405948281921445
lab_708,0.7703591166625634
lab_709,0.09503958229722985
lab_710,0.023074194752367827
lab_711,0.04997032003415247
lab_712,0.01996293372654713
lab_713,0.02048024535737869
lab_714,0.03086323159851726
lab_715,0.1383685300661441
lab_716,0.026127947463878014
lab_717,0.037350085364606794
lab_718,0.019952016426343186
lab_719,0.03424297893324587
lab_720,0.028912659219701313
lab_721,0.4356619605434031
lab_722,0.07848263148455684
lab_723,0.13393541653900803
lab_724,0.0703111971074111
lab_725,0.03288983796387683
lab_726,0.07607083955367616
lab_727,0.031841561147858036
lab_728,0.043044072950071795
lab_729,0.37519845979412286
lab_730,0.01996293372654713
lab_731,0.01977676875639221
lab_732,0.5011117131242853
lab_733,0.21246611275933022
lab_734,0.02030076642700434
lab_735,0.11435532561000553
lab_736,0.04636737694926399
lab_737,0.01977676875639221
lab_738,0.02558841527825407
lab_739,0.07422694132741493
lab_740,0.01977676875639222
lab_741,0.025747483684343517
lab_742,0.31279238912147045
lab_743,0.0828857919218826
lab_744,0.051273497736699154
lab_745,0.05188027480942077
lab_746,0.0575766821284172
lab_747,0.03302592130087565
lab_748,0.023292403191911084
lab_749,0.09209426667435569
lab_750,0.0388237239378019
lab_751,0.14229598816939093
lab_752,0.2910751670207364
lab_753,0.28431439119925117
lab_754,0.8718920318137282
lab_755,0.03268649013976237
lab_756,0.01996293372654713
lab_757,0.038203642795833166
lab_758,0.14983530530678008
lab_759,0.09366527343832876
lab_760,0.21315593369715458
lab_761,0.36179397439033406
lab_762,0.8193617774207304
lab_763,0.29051432161143925
lab_764,0.019952016426343196
lab_765,0.16939309743001693
lab_766,0.026236421350378687
lab_767,0.019952016426343196
lab_768,0.01996293372654713
lab_769,0.0458855314378208
lab_770,0.029794139776368748
lab_771,0.08038330450766913
lab_772,0.6285444120243933
lab_773,0.02925049871482707
lab_774,0.04606811629234115
lab_775,0.029105090411513372
lab_776,0.029465137908227045
lab_777,0.023855616917867993
lab_778,0.18965976895343253
lab_779,0.10928743852724856
lab_780,0.01995201642634321
lab_781,0.13851331217389437
lab_782,0.019952016426343196
lab_783,0.02967543288334616
lab_784,0.01996293372654713
lab_785,0.01977676875639221
lab_786,0.09812457217734913
lab_787,0.10124727043972453
lab_788,0.01977676875639222
lab_789,0.02218241031901115
lab_790,0.01996293372654713
lab_791,0.4803200316039467
lab_792,0.01977676875639221
lab_793,0.065976908590895
lab_794,0.22294090101619146
lab_795,0.01996293372654713
lab_796,0.021865286048009167
lab_797,0.03340625438684596
lab_798,0.05745744899121876
lab_799,0.01995201642634321
lab_800,0.04221483524712451
lab_801,0.31652582401879886
lab_802,0.06897271114418552
lab_803,0.6562035058995637
lab_804,0.01996293372654713
lab_805,0.02367800033307912
lab_806,0.02999694402314455
lab_807,0.029448117382931818
lab_808,0.05248625373447442
lab_809,0.05086080583849521
lab_810,0.2533435317376107
lab_811,0.02521682475496679
lab_812,0.020762816491377088
lab_813,0.28151405076652725
lab_814,0.02204783655331994
lab_815,0.031478544568715155
lab_816,0.04476726120174774
lab_817,0.03347897015783934
lab_818,0.0507931442031623
lab_819,0.059419934782616535
lab_820,0.23145521803351546
lab_821,0.18123665721548848
lab_822,0.02018706830780846
lab_823,0.01996293372654713
lab_824,0.021085240159529593
lab_825,0.022811544315976547
lab_826,0.05662363628903331
lab_827,0.0265241289041357
lab_828,0.08444380969563718
lab_829,0.030101828919570837
lab_830,0.01977676875639221
lab_831,0.0503869270743653
lab_832,0.041902463879826816
lab_833,0.019952016426343203
lab_834,0.021004185918976268
lab_835,0.028750101705836216
lab_836,0.029028433551242686
lab_837,0.03085293858527293
lab_838,0.08887614333468229
lab_839,0.07904943731424212
lab_840,0.2443767129029093
lab_841,0.01996293372654713
lab_842,0.1349434309439442
lab_843,0.07081953084858192
lab_844,0.021522557466863747
lab_845,0.01977676875639222
lab_846,0.053906909039154405
lab_847,0.07989350107548733
lab_848,0.05332766949615838
lab_849,0.01996293372654713
lab_850,0.021041060728372637
lab_851,0.09695286437074874
lab_852,0.02288175147600838
lab_853,0.15779288123681473
lab_854,0.01996293372654713
lab_855,0.024717059393212764
lab_856,0.02408132840333368
lab_857,0.2984018757391753
lab_858,0.01996293372654714
lab_859,0.02047913689141082
lab_860,0.019952016426343196
lab_861,0.021583096623433926
lab_862,0.030379588566942565
lab_863,0.05102411990625101
lab_864,0.02064086400937692
lab_865,0.09414445266944364
lab_866,0.020074360420585226
lab_867,0.020781216108239506
lab_868,0.02637507777688277
lab_869,0.18817999847427735
lab_870,0.01977676875639222
lab_871,0.019952016426343196
lab_872,0.02130179828523718
lab_873,0.027396179764084875
lab_874,0.02268060491567797
lab_875,0.2264899050709823
lab_876,0.02268645942814557
lab_877,0.027474423690350316
lab_878,0.02245173464986398
lab_879,0.030505980787638345
lab_880,0.025828387311300934
lab_881,0.037258554180871
lab_882,0.9746147718577641
lab_883,0.11320213554689258
lab_884,0.0290126786206596
lab_885,0.6211616984816037
lab_886,0.029556924201765804
lab_887,0.020221692862301584
lab_888,0.020885820647316672
lab_889,0.03515642122862719
lab_890,0.813591656601442
lab_891,0.0575716954267981
lab_892,0.01996293372654713
lab_893,0.024175277648349588
lab_894,0.026204227345488013
lab_895,0.057478895385469866
lab_896,0.021008756312932534
lab_897,0.03686947581410548
lab_898,0.025620224715776897
lab_899,0.19190411880541552
lab_900,0.8064349752292239
lab_901,0.020762816491377088
lab_902,0.02059329669592695
lab_903,0.07053621306541061
lab_904,0.19774946322167086
lab_905,0.1375222121541442
lab_906,0.01977676875639222
lab_907,0.08724347972265127
lab_908,0.019952016426343196
lab_909,0.09587897541882878
lab_910,0.4170813616054714
lab_911,0.06540855844174934
lab_912,0.050809671327714835
lab_913,0.01996293372654713
lab_914,0.0243608263848709
lab_915,0.03425943321499727
lab_916,0.05461116097643625
lab_917,0.13735167623342767
lab_918,0.033856046092988465
lab_919,0.7189751076230726
lab_920,0.03346557162021862
lab_921,0.019952016426343196
lab_922,0.17960445134326447
lab_923,0.11888106754404458
lab_924,0.06006166566141907
lab_925,0.06317926850686893
lab_926,0.02046343007187711
lab_927,0.021143792601867238
lab_928,0.01977676875639221
lab_929,0.01996293372654713
lab_930,0.40089953800617306
lab_931,0.01977676875639221
lab_932,0.234638844033424
lab_933,0.07528118829275357
lab_934,0.3837795469516263
lab_935,0.01996293372654713
lab_936,0.01977676875639222
lab_937,0.02078819811677927
lab_938,0.01996293372654713
lab_939,0.01977676875639222
lab_940,0.03547183140092069
lab_941,0.35160281896722645
lab_942,0.34613404345648285
lab_943,0.05669118189148336
lab_944,0.11165099386578835
lab_945,0.020328542950832185
lab_946,0.01996293372654713
lab_947,0.03358749310945145
lab_948,0.02352832991169333
lab_949,0.02113350742821115
lab_950,0.4485994693699143
lab_951,0.02130179828523718
lab_952,0.02869987855610346
lab_953,0.04512515508203598
lab_954,0.2263861038535736
lab_955,0.056007403743620565
lab_956,0.03321025495415138
lab_957,0.024647105114861546
lab_958,0.3183498548989037
lab_959,0.04819725952299999
lab_960,0.01996293372654713
lab_961,0.01996293372654713
lab_962,0.04313527685185085
lab_963,0.040705666462177784
lab_964,0.024342740609981525
lab_965,0.044822895644071145
lab_966,0.4293765047410768
lab_967,0.0692266196230775
lab_968,0.01996293372654713
lab_969,0.02539425469554741
lab_970,0.03400762716056819
lab_971,0.22774026441743234
lab_972,0.01977676875639221
lab_973,0.023806796301765916
lab_974,0.07037118445181907
lab_975,0.02050349877100728
lab_976,0.020170752092236673
lab_977,0.026838921946445868
lab_978,0.03155311600568389
lab_979,0.0237308378768472
lab_980,0.02059329669592695
lab_981,0.13929856945286098
lab_982,0.22661138666375558
lab_983,0.04062899542265375
lab_984,0.02138217461094659
lab_985,0.027868720528325768
lab_986,0.01977676875639222
lab_987,0.02116563886848718
lab_988,0.021295682941018478
lab_989,0.02477203743033415
lab_990,0.1383173002108301
lab_991,0.08592395628889281
lab_992,0.15447926852583344
lab_993,0.030303132538522643
lab_994,0.01996293372654713
lab_995,0.03683577928579332
lab_996,0.05347719983301494
lab_997,0.02806105196950956
lab_998,0.01996293372654713
lab_999,0.03592990106129702
lab_1000,0.02035409114385624
lab_1001,0.061422903965988325
lab_1002,0.027096329191608138
lab_1003,0.032098205552421356
lab_1004,0.023776592202951873
lab_1005,0.09998783204031333
lab_1006,0.025101071950892836
lab_1007,0.10207166803211722
lab_1008,0.02449747869006067
lab_1009,0.034759274284662516
lab_1010,0.15925279496212916
lab_1011,0.055257206896204496
lab_1012,0.19613103245557265
lab_1013,0.034997734865839535
lab_1014,0.028398665817337628
lab_1015,0.020686852314968408
lab_1016,0.09202699000867272
lab_1017,0.053004826889287246
lab_1018,0.11697907269430573
lab_1019,0.06531680339823971
lab_1020,0.03548013595134295
lab_1021,0.025078567166824724
lab_1022,0.07617190453922877
lab_1023,0.0501153706030058
lab_1024,0.785735914989006
lab_1025,0.49373357110829597
lab_1026,0.09124672600945664
lab_1027,0.04234624608915606
lab_1028,0.02098495757807219
lab_1029,0.02814948996119582
lab_1030,0.019952016426343196
lab_1031,0.03933490438532874
lab_1032,0.11040697029427217
lab_1033,0.13050047789638228
lab_1034,0.041091868145375646
lab_1035,0.02078845008226758
lab_1036,0.7822929353123649
lab_1037,0.12776134813742204
lab_1038,0.02574985315729504
lab_1039,0.024115374964360243
lab_1040,0.04218834145197326
lab_1041,0.02873330174491864
lab_1042,0.020686852314968408
lab_1043,0.35689933548324665
lab_1044,0.08428037898475957
lab_1045,0.02272204721255536
lab_1046,0.3309274078151119
lab_1047,0.05166369280863767
lab_1048,0.02018706830780846
lab_1049,0.02929820956404923
lab_1050,0.022610201211890342
lab_1051,0.20096021618661908
lab_1052,0.02130179828523718
lab_1053,0.01996293372654714
lab_1054,0.028312275218428773
lab_1055,0.03393857054269066
lab_1056,0.021654282862842215
lab_1057,0.028245215576309834
lab_1058,0.04401985516283322
lab_1059,0.37145623530427463
lab_1060,0.024843159513929836
lab_1061,0.020781216108239506
lab_1062,0.8208043968901976
lab_1063,0.6422177260829903
lab_1064,0.042463984483879204
lab_1065,0.04712950904389265
lab_1066,0.03567107925405868
lab_1067,0.01995201642634321
lab_1068,0.5281611914840955
lab_1069,0.01977676875639221
lab_1070,0.09557918634221885
lab_1071,0.07283501194304653
lab_1072,0.02728276482116552
lab_1073,0.044951437289206087
lab_1074,0.024182105804633716
lab_1075,0.07915493796868457
lab_1076,0.02790967442389715
lab_1077,0.05918759305815681
lab_1078,0.09282429779689962
lab_1079,0.0212109515553178
lab_1080,0.02131141895786594
lab_1081,0.019952016426343186
lab_1082,0.02059329669592695
lab_1083,0.02134131510208202
lab_1084,0.1161757902968729
lab_1085,0.01977676875639222
lab_1086,0.020781216108239506
lab_1087,0.019952016426343186
lab_1088,0.01996293372654713
lab_1089,0.16648222579505342
lab_1090,0.03164163331729044
lab_1091,0.39407779011630006
lab_1092,0.02421541290904414
lab_1093,0.03878835242107775
lab_1094,0.01996293372654713
lab_1095,0.31051567478171166
lab_1096,0.020887559182801725
lab_1097,0.01977676875639221
lab_1098,0.1390223024985079
lab_1099,0.01996293372654713
lab_1100,0.01977676875639221
lab_1101,0.22409463058050574
lab_1102,0.08643530589213533
lab_1103,0.05331556077645128
lab_1104,0.020762816491377088
lab_1105,0.02120258038819946
lab_1106,0.020526304909009346
lab_1107,0.05000433475972993
lab_1108,0.019952016426343196
lab_1109,0.01977676875639221
lab_1110,0.17626329719262382
lab_1111,0.07879271239812072
lab_1112,0.10643883976771945
lab_1113,0.02877083442427331
lab_1114,0.01996293372654713
lab_1115,0.054304725457734696
lab_1116,0.2599917702006159
lab_1117,0.01996293372654713
lab_1118,0.08234766816755433
lab_1119,0.020174065440757102
lab_1120,0.06249131463733826
lab_1121,0.9200855238002434
lab_1122,0.10778027247682477
lab_1123,0.029765871214752958
lab_1124,0.08941695517177597
lab_1125,0.01996293372654713
lab_1126,0.01977676875639222
lab_1127,0.03215229274160435
lab_1128,0.029018480296198728
lab_1129,0.023416682816832464
lab_1130,0.027140208991679106
lab_1131,0.021250688676111715
lab_1132,0.152540190089574
lab_1133,0.13691432576387158
lab_1134,0.09647967249306978
lab_1135,0.01996293372654713
lab_1136,0.021528314372928146
lab_1137,0.7937392929602048
lab_1138,0.020956416609128534
lab_1139,0.9573342452837886
lab_1140,0.045660971653769214
lab_1141,0.03397326958253027
lab_1142,0.907329366751002
lab_1143,0.02045408283235965
lab_1144,0.01996293372654713
lab_1145,0.032404399775989856
lab_1146,0.02154451160629346
lab_1147,0.057320270106608194
lab_1148,0.03686586461860181
lab_1149,0.020641080520355074
lab_1150,0.04759843907621487
lab_1151,0.12726111093486966
lab_1152,0.06602345065676773
lab_1153,0.03509990563338913
lab_1154,0.0212366714072097
lab_1155,0.02223170395164482
lab_1156,0.03415049354422795
lab_1157,0.1586444830928852
lab_1158,0.05659184471765237
lab_1159,0.04149209450217604
lab_1160,0.06883613245988525
lab_1161,0.01996293372654713
lab_1162,0.8046893438992976
lab_1163,0.20368539130665392
lab_1164,0.06649403166220667
lab_1165,0.040995895633368834
lab_1166,0.1488595249692629
lab_1167,0.25960086395690074
lab_1168,0.022036628945969156
lab_1169,0.04579712333784981
lab_1170,0.043335655367993574
lab_1171,0.18053157177847126
lab_1172,0.0759749869713362
lab_1173,0.01996293372654713
lab_1174,0.01996293372654713
lab_1175,0.09432402031687533
lab_1176,0.021865286048009167
lab_1177,0.01996293372654713
lab_1178,0.039775243301297766
lab_1179,0.01977676875639222
lab_1180,0.34496658413675596
lab_1181,0.021041060728372637
lab_1182,0.022755281495431465
lab_1183,0.8477493180110351
lab_1184,0.019952016426343186
lab_1185,0.01995201642634321
lab_1186,0.02302241440470617
lab_1187,0.12175022165509392
lab_1188,0.15982866280358207
lab_1189,0.036947311216736584
lab_1190,0.03541869801768015
lab_1191,0.035389057726468984
lab_1192,0.023796708151839336
lab_1193,0.03197056755795272
lab_1194,0.01977676875639222
lab_1195,0.022433938275194097
lab_1196,0.020384239548474365
lab_1197,0.01977676875639221
lab_1198,0.549573516641628
lab_1199,0.03143624872636745
lab_1200,0.05495911565258369
lab_1201,0.01996293372654713
lab_1202,0.30090669598225517
lab_1203,0.055467543112824785
lab_1204,0.01996293372654713
lab_1205,0.01996293372654713
lab_1206,0.03892638062158537
lab_1207,0.10260444221413212
lab_1208,0.02154451160629347
lab_1209,0.5411798889835195
lab_1210,0.030379588566942565
lab_1211,0.05645814489999212
lab_1212,0.04687860792135917
lab_1213,0.026359785060852105
lab_1214,0.8963673302269674
lab_1215,0.027756802039061584
lab_1216,0.2114857762483444
lab_1217,0.020454704390612467
lab_1218,0.901876255983362
lab_1219,0.050253567674592464
lab_1220,0.022059290473584476
lab_1221,0.0743949548396635
lab_1222,0.06304436413045483
lab_1223,0.01996293372654713
lab_1224,0.023631728826025038
lab_1225,0.13071930726225714
lab_1226,0.14293194957943656
lab_1227,0.029560916429280888
lab_1228,0.022449567196006305
lab_1229,0.1901802656520742
lab_1230,0.03162054176381003
lab_1231,0.14794206845892283
lab_1232,0.07874441217644078
lab_1233,0.050135023879212495
lab_1234,0.01996293372654713
lab_1235,0.050648873081948806
lab_1236,0.030848667160396914
lab_1237,0.046804029152945265
lab_1238,0.020739533199469338
lab_1239,0.01977676875639221
lab_1240,0.09866965187127041
lab_1241,0.02066772812444736
lab_1242,0.13815357938001188
lab_1243,0.0419129252063831
lab_1244,0.05332766949615838
lab_1245,0.08309335774128679
lab_1246,0.01977676875639221
lab_1247,0.05295829026133137
lab_1248,0.10772329177460353
lab_1249,0.024651615722556322
lab_1250,0.01996293372654713
lab_1251,0.09458067898842325
lab_1252,0.02232885785962914
lab_1253,0.03090131779946991
lab_1254,0.02831217764207995
lab_1255,0.01996293372654713
lab_1256,0.02069014602456171
lab_1257,0.020531421000467877
lab_1258,0.09505442211799565
lab_1259,0.027868720528325768
lab_1260,0.02524934019421408
lab_1261,0.06439584604726269
lab_1262,0.7269270391946415
lab_1263,0.01996293372654713
lab_1264,0.04279985453198093
lab_1265,0.025686854387183516
lab_1266,0.0815690377763323
lab_1267,0.03817155768686494
lab_1268,0.14945436669249565
lab_1269,0.0555752447994183
lab_1270,0.01977676875639221
lab_1271,0.01996293372654713
lab_1272,0.4828388198046031
lab_1273,0.0290126786206596
lab_1274,0.1161063577397191
lab_1275,0.08514547413524011
lab_1276,0.38116994971220924
lab_1277,0.0221814385929156
lab_1278,0.10557379336509017
lab_1279,0.022446193050143063
lab_1280,0.6570619410037676
lab_1281,0.027831745602527873
lab_1282,0.15471897185605196
lab_1283,0.01996293372654713
lab_1284,0.37141948095554694
lab_1285,0.2751175731584309
lab_1286,0.025507252699176235
lab_1287,0.02231778127572852
lab_1288,0.03309434013960421
lab_1289,0.020328542950832175
lab_1290,0.03220384511378082
lab_1291,0.020677162238757478
lab_1292,0.28679917318159726
lab_1293,0.03435809764345586
lab_1294,0.04725385106080064
lab_1295,0.0430239295253705
lab_1296,0.01977676875639221
lab_1297,0.05535719285592483
lab_1298,0.06355466284101985
lab_1299,0.03165780564447013
lab_1300,0.039334904385328724
lab_1301,0.038990959126176776
lab_1302,0.01996293372654713
lab_1303,0.05028191658495655
lab_1304,0.09779334907892587
lab_1305,0.08600861435234164
lab_1306,0.01996293372654713
lab_1307,0.01996293372654713
lab_1308,0.01995201642634321
lab_1309,0.1328295285706861
lab_1310,0.019952016426343203
lab_1311,0.01996293372654713
lab_1312,0.02064086400937692
lab_1313,0.8060615692950395
lab_1314,0.04095983393834638
lab_1315,0.08750886848727198
lab_1316,0.03560923382881409
lab_1317,0.0208631163544867
lab_1318,0.01977676875639222
lab_1319,0.17137812623858878
lab_1320,0.9631424654457713
lab_1321,0.1111695909089364
lab_1322,0.2121855434698323
lab_1323,0.01996293372654713
lab_1324,0.41022611429271694
lab_1325,0.01996293372654713
lab_1326,0.16991329780403053
lab_1327,0.020762816491377088
lab_1328,0.05011342332291786
lab_1329,0.028868725250370063
lab_1330,0.09221716282208771
lab_1331,0.05296463573488143
lab_1332,0.02672523600611329
lab_1333,0.03880960589822401
lab_1334,0.03514940895085393
lab_1335,0.056697171215334845
lab_1336,0.03543326811652343
lab_1337,0.02076724827373768
lab_1338,0.03713168743626896
lab_1339,0.815467216426407
lab_1340,0.0207283925054724
lab_1341,0.8339069742095826
lab_1342,0.031088972045694538
lab_1343,0.029148553416977883
lab_1344,0.026981617574628174
lab_1345,0.04466818635295082
lab_1346,0.01977676875639222
lab_1347,0.025623151846759288
lab_1348,0.21096460936425143
lab_1349,0.01995201642634321
lab_1350,0.14477656265732083
lab_1351,0.02292491459613985
lab_1352,0.02130179828523718
lab_1353,0.01996293372654713
lab_1354,0.02927839129267828
lab_1355,0.020544761608178388
lab_1356,0.03226460380713579
lab_1357,0.01996293372654713
lab_1358,0.06855392611212359
lab_1359,0.022502977139784643
lab_1360,0.46169832422757767
lab_1361,0.057378932025653646
lab_1362,0.1610290394950055
lab_1363,0.030112443129589026
lab_1364,0.0256178656293394
lab_1365,0.01996293372654713
lab_1366,0.3590502659587081
lab_1367,0.02806105196950956
lab_1368,0.30920129709365773
lab_1369,0.22459518151752497
lab_1370,0.33929470765309083
lab_1371,0.1438771683293527
lab_1372,0.019952016426343186
lab_1373,0.01995201642634321
lab_1374,0.020696126810029403
lab_1375,0.919147070584018
lab_1376,0.02486447398542425
lab_1377,0.04466818635295082
lab_1378,0.01996293372654713
lab_1379,0.026258310872548957
lab_1380,0.04791930201535295
lab_1381,0.02268645942814557
lab_1382,0.020328542950832175
lab_1383,0.020619312667072877
lab_1384,0.041091868145375646
lab_1385,0.11864908631919531
lab_1386,0.03849202513918908
lab_1387,0.028457337237503415
lab_1388,0.04060130021336702
lab_1389,0.01977676875639222
lab_1390,0.03237270316636631
lab_1391,0.6552336166958673
lab_1392,0.02116563886848718
lab_1393,0.030795917211023607
lab_1394,0.0363385411298316
lab_1395,0.02237400751479072
lab_1396,0.04176532069250311
lab_1397,0.02251761974344754
lab_1398,0.01977676875639221
lab_1399,0.21733159767935056
lab_1400,0.33461786570065444
lab_1401,0.020884726082707247
lab_1402,0.058536231894854664
lab_1403,0.028926492718234536
lab_1404,0.11718917186377294
lab_1405,0.07731725088747991
lab_1406,0.030379588566942565
lab_1407,0.01996293372654713
lab_1408,0.05567395040356265
lab_1409,0.03507931480334793
lab_1410,0.020762816491377088
lab_1411,0.7492133158609903
lab_1412,0.02066772812444736
lab_1413,0.021632299596831016
lab_1414,0.024666756993537053
lab_1415,0.024843159513929836
lab_1416,0.01995201642634321
lab_1417,0.2797634547974314
lab_1418,0.019952016426343196
lab_1419,0.3592482857869037
lab_1420,0.0290126786206596
lab_1421,0.01996293372654713
lab_1422,0.15603060904581378
lab_1423,0.02032070547222811
lab_1424,0.047756776907684186
lab_1425,0.026403082817414245
lab_1426,0.9200776296693812
lab_1427,0.02975178834761894
lab_1428,0.023883707208803867
lab_1429,0.01996293372654713
lab_1430,0.0905829468095584
lab_1431,0.026274602249101484
lab_1432,0.024672186114353185
lab_1433,0.01996293372654713
lab_1434,0.09476163643089387
lab_1435,0.1716871827181786
lab_1436,0.04681476754511278
lab_1437,0.02531674266260714
lab_1438,0.18578783971260787
lab_1439,0.37104235112287326
lab_1440,0.01977676875639221
lab_1441,0.2040047680772907
lab_1442,0.01996293372654713
lab_1443,0.05364818674378212
lab_1444,0.01996293372654713
lab_1445,0.029278500330548556
lab_1446,0.02629807758044907
lab_1447,0.019952016426343203
lab_1448,0.05136404880729847
lab_1449,0.07597899777358247
lab_1450,0.07170076563769359
lab_1451,0.09872788645452192
lab_1452,0.06474272374780117
lab_1453,0.04379870907137453
lab_1454,0.021632299596831016
lab_1455,0.09267859430416774
lab_1456,0.022343129682519433
lab_1457,0.05468761105749271
lab_1458,0.03223905114919556
lab_1459,0.052126333451311305
lab_1460,0.48494360769168965
lab_1461,0.06968113803514453
lab_1462,0.2599277880945723
lab_1463,0.04767544303150506
lab_1464,0.11590492124511545
lab_1465,0.05750508782643737
lab_1466,0.42527923927053685
lab_1467,0.041912925206383116
lab_1468,0.01996293372654713
lab_1469,0.6777217131788512
lab_1470,0.03155311600568389
lab_1471,0.020255186849567234
lab_1472,0.026123284709621566
lab_1473,0.022362984796542005
lab_1474,0.19420622671090013
lab_1475,0.022785205524220826
lab_1476,0.022673964596773524
lab_1477,0.021668491594877052
lab_1478,0.48908816839603614
lab_1479,0.02204783655331995
lab_1480,0.07321567580668037
lab_1481,0.01996293372654713
lab_1482,0.1562779806527888
lab_1483,0.022036628945969156
lab_1484,0.01996293372654713
lab_1485,0.03420029990842608
lab_1486,0.040413546377339606
lab_1487,0.0542866599880524
lab_1488,0.14066707999094183
lab_1489,0.1620307950445069
lab_1490,0.01996293372654713
lab_1491,0.09289005761191538
lab_1492,0.03265053531850569
lab_1493,0.01996293372654713
lab_1494,0.01977676875639221
lab_1495,0.22809860134452004
lab_1496,0.1800134002037489
lab_1497,0.2846665738837181
lab_1498,0.030461316810012563
lab_1499,0.03929907938524046
lab_1500,0.06951642081590122
lab_1501,0.028406953035914347
lab_1502,0.22506731977553146
lab_1503,0.02269604056817642
lab_1504,0.05046885477929814
lab_1505,0.02032173661965166
lab_1506,0.020781216108239523
lab_1507,0.40070537425908176
lab_1508,0.13408657112424396
lab_1509,0.024581537400273572
lab_1510,0.031124323313995783
lab_1511,0.01996293372654713
lab_1512,0.021511954650487303
lab_1513,0.01996293372654713
lab_1514,0.01996293372654713
lab_1515,0.05211802386632818
lab_1516,0.03409046826868079
lab_1517,0.01996293372654713
lab_1518,0.03978610885522456
lab_1519,0.42981556501983853
lab_1520,0.01996293372654713
lab_1521,0.044328532302274064
lab_1522,0.022201219009832535
lab_1523,0.09826094178477816
lab_1524,0.02642777274594446
lab_1525,0.4977548635154865
lab_1526,0.08736810590756114
lab_1527,0.03213463151265933
lab_1528,0.32133015791424824
lab_1529,0.07619274575222659
lab_1530,0.1726342305103982
lab_1531,0.026422425591116072
lab_1532,0.01996293372654713
lab_1533,0.01996293372654713
lab_1534,0.01996293372654713
lab_1535,0.02288829321586202
lab_1536,0.056633723916937675
lab_1537,0.3590395537928894
lab_1538,0.025931935439236553
lab_1539,0.02142801091575384
lab_1540,0.08268788531695201
lab_1541,0.04598318658069012
lab_1542,0.03782878353929568
lab_1543,0.08571303690886721
lab_1544,0.023119045299909532
lab_1545,0.02811889882457242
lab_1546,0.03499602056235915
lab_1547,0.01977676875639221
lab_1548,0.024059904696756416
lab_1549,0.01996293372654713
lab_1550,0.13396970747625048
lab_1551,0.20633113186918342
lab_1552,0.02870508145424884
lab_1553,0.0221814385929156
lab_1554,0.14172282104271178
lab_1555,0.024360826384870922
lab_1556,0.020595879519714224
lab_1557,0.01977676875639222
lab_1558,0.08819657763714352
lab_1559,0.19050081158125015
lab_1560,0.5990304805499397
lab_1561,0.07740972235621761
lab_1562,0.09016300758889774
lab_1563,0.020300766427004333
lab_1564,0.03823649079181685
lab_1565,0.882143260264406
lab_1566,0.032110752210439186
lab_1567,0.06343971872679315
lab_1568,0.19839957938242495
lab_1569,0.3089067751723928
lab_1570,0.2911108791763678
lab_1571,0.021668491594877052
lab_1572,0.050047798177609244
lab_1573,0.17469585732887777
lab_1574,0.05077672977383065
lab_1575,0.019952016426343196
lab_1576,0.04880681733491663
lab_1577,0.7614987243373535
lab_1578,0.02418582013999473
lab_1579,0.08632439731760579
lab_1580,0.01996293372654713
lab_1581,0.023863418613433947
lab_1582,0.27778740851933575
lab_1583,0.029027798980440864
lab_1584,0.6669033332010764
lab_1585,0.05296463573488143
lab_1586,0.021294578346658065
lab_1587,0.516156967680054
lab_1588,0.7722110597585161
lab_1589,0.020082148234913087
lab_1590,0.03726156408984227
lab_1591,0.01977676875639222
lab_1592,0.02126650181307869
lab_1593,0.02304467829952131
lab_1594,0.0549862865857688
lab_1595,0.09209466898651587
lab_1596,0.29865379964237293
lab_1597,0.07022014324889105
lab_1598,0.027240911921536354
lab_1599,0.07050960072546826
lab_1600,0.893855724129826
lab_1601,0.030379588566942565
lab_1602,0.031164256337602194
lab_1603,0.045368773590389495
lab_1604,0.062416797228329275
lab_1605,0.030795917211023607
lab_1606,0.020707043178134023
lab_1607,0.01996293372654713
lab_1608,0.14236900102248487
lab_1609,0.042591240577967954
lab_1610,0.03585952036658633
lab_1611,0.03632731062647636
lab_1612,0.01977676875639221
lab_1613,0.027929407916219774
lab_1614,0.09226003798083135
lab_1615,0.01996293372654713
lab_1616,0.04905619905403853
lab_1617,0.09296695694581873
lab_1618,0.3215730300000551
lab_1619,0.01996293372654713
lab_1620,0.0739690946249393
lab_1621,0.2545969081604154
lab_1622,0.02302241440470617
lab_1623,0.0421702482890268
lab_1624,0.02783541011908013
lab_1625,0.63840297092709
lab_1626,0.05078199252904493
lab_1627,0.020316304809261432
lab_1628,0.2638984205426866
lab_1629,0.056391293804483156
lab_1630,0.0640972837360705
lab_1631,0.019952016426343196
lab_1632,0.01996293372654713
lab_1633,0.01996293372654713
lab_1634,0.0372972383868017
lab_1635,0.01996293372654713
lab_1636,0.019952016426343186
lab_1637,0.061140238108862585
lab_1638,0.02978068145246976
lab_1639,0.02200036398178154
lab_1640,0.07531236768134278
lab_1641,0.020380741088907948
lab_1642,0.035740053609440034
lab_1643,0.02762309305048506
lab_1644,0.02136131489631498
lab_1645,0.020944245990829165
lab_1646,0.020300766427004333
lab_1647,0.031868168671534254
lab_1648,0.022250134007304537
lab_1649,0.029125296165789613
lab_1650,0.01996293372654713
lab_1651,0.05296463573488143
lab_1652,0.47543436681016576
lab_1653,0.0818597960060993
lab_1654,0.024878750951844993
lab_1655,0.020984091628271664
lab_1656,0.021613890836378626
lab_1657,0.01977676875639222
lab_1658,0.033485470803603826
lab_1659,0.029194628270854957
lab_1660,0.1868556527560151
lab_1661,0.01995201642634321
lab_1662,0.05675606619132591
lab_1663,0.027701201217455926
lab_1664,0.01996293372654713
lab_1665,0.01996293372654713
lab_1666,0.01996293372654713
lab_1667,0.02129942725678402
lab_1668,0.030236701598363624
lab_1669,0.01996293372654713
lab_1670,0.16404541248343354
lab_1671,0.01977676875639221
lab_1672,0.03254824961445793
lab_1673,0.01996293372654713
lab_1674,0.03367570855595764
lab_1675,0.0247874147265899
lab_1676,0.03214464849230579
lab_1677,0.029024354205730032
lab_1678,0.17972589272718897
lab_1679,0.020658539963431442
lab_1680,0.03437319631900462
lab_1681,0.03933673595987778
lab_1682,0.033903593191973294
lab_1683,0.029327951120064873
lab_1684,0.01996293372654713
lab_1685,0.02108857200351514
lab_1686,0.044818913159830304
lab_1687,0.07529442487690441
lab_1688,0.021392583504764032
lab_1689,0.01996293372654713
lab_1690,0.01996293372654713
lab_1691,0.05128004622981753
lab_1692,0.021364487485458827
lab_1693,0.28111702404463723
lab_1694,0.11913061038159382
lab_1695,0.03978610885522456
lab_1696,0.030164625474753154
lab_1697,0.7197289789153127
lab_1698,0.03510597848175491
lab_1699,0.01996293372654713
lab_1700,0.2090820201373403
lab_1701,0.036218586884876794
lab_1702,0.021675466532124963
lab_1703,0.022597761247521112
lab_1704,0.02061190292085733
lab_1705,0.04667441975042874
lab_1706,0.0448375743661062
lab_1707,0.022277089464289954
lab_1708,0.025830611386326405
lab_1709,0.02295169991988471
lab_1710,0.024101149400140767
lab_1711,0.03478218289641091
lab_1712,0.021037163311696146
lab_1713,0.1305967099619462
lab_1714,0.12089304492325545
lab_1715,0.04417705943055089
lab_1716,0.02114238458127198
lab_1717,0.033904893796648676
lab_1718,0.03787715372999941
lab_1719,0.025134408591835786
lab_1720,0.23786345066926112
lab_1721,0.041091868145375646
lab_1722,0.07869291068244016
lab_1723,0.020205781886471447
lab_1724,0.05710461562492642
lab_1725,0.0584650526663225
lab_1726,0.5465243781171794
lab_1727,0.02214911471553125
lab_1728,0.02801844139438452
lab_1729,0.019952016426343203
lab_1730,0.04165135821420056
lab_1731,0.7519302495773599
lab_1732,0.05445095043207238
lab_1733,0.02123207668116229
lab_1734,0.03565024360647887
lab_1735,0.11314141011440514
lab_1736,0.020599037797919363
lab_1737,0.08219860623066559
lab_1738,0.0782066409449667
lab_1739,0.21662176965323218
lab_1740,0.04236779934090609
lab_1741,0.03978610885522456
lab_1742,0.15017999676068924
lab_1743,0.173255482020291
lab_1744,0.034258500292215555
lab_1745,0.036094587184790417
lab_1746,0.025019002434020166
lab_1747,0.02367458962767121
lab_1748,0.020544761608178388
lab_1749,0.02967679466525656
lab_1750,0.169187710829637
lab_1751,0.01996293372654713
lab_1752,0.3558912800352487
lab_1753,0.02025379440449235
lab_1754,0.6795719896106683
lab_1755,0.033983775556598726
lab_1756,0.01977676875639221
lab_1757,0.0399290249198054
lab_1758,0.3067645892214515
lab_1759,0.01977676875639222
lab_1760,0.023366101348016043
lab_1761,0.027471274799366372
lab_1762,0.027962694967031597
lab_1763,0.13205598790458187
lab_1764,0.04782491655192145
lab_1765,0.02927839129267828
lab_1766,0.023398848050357187
lab_1767,0.020531421000467877
lab_1768,0.028979786118284424
lab_1769,0.5596426375346106
lab_1770,0.10151855367477719
lab_1771,0.04681476754511278
lab_1772,0.01996293372654713
lab_1773,0.05074752158521583
lab_1774,0.021640313860529198
lab_1775,0.029643581569988635
lab_1776,0.02882807640471684
lab_1777,0.022725417954309476
lab_1778,0.01996293372654713
lab_1779,0.07909812020052936
lab_1780,0.01996293372654713
lab_1781,0.027403644579980485
lab_1782,0.22530640259333795
lab_1783,0.02298527042174991
lab_1784,0.037675293667858406
lab_1785,0.01996293372654713
lab_1786,0.03628821094345104
lab_1787,0.024408444818544588
lab_1788,0.05696366737222592
lab_1789,0.748338392956206
lab_1790,0.026172363777825725
lab_1791,0.01977676875639222
lab_1792,0.045784751755197084
lab_1793,0.2064859662382025
lab_1794,0.05896754972976117
lab_1795,0.01995201642634321
lab_1796,0.05552679486722502
lab_1797,0.020605490442340522
lab_1798,0.03500358498905176
lab_1799,0.2613402350289775
lab_1800,0.8870342973752537
lab_1801,0.02433673953256366
lab_1802,0.07305480966691766
lab_1803,0.23134979125199834
lab_1804,0.028517088434056793
lab_1805,0.029950166622721337
lab_1806,0.12507597146319807
lab_1807,0.040870376312361616
lab_1808,0.10637287357064651
lab_1809,0.020605490442340522
lab_1810,0.038174207261357486
lab_1811,0.5815245220243218
lab_1812,0.027701201217455926
lab_1813,0.02055025115787129
lab_1814,0.19814160592504523
lab_1815,0.16154627083458975
lab_1816,0.020526330662585263
lab_1817,0.5504187923190726
lab_1818,0.02977076867636673
lab_1819,0.02742404894970777
lab_1820,0.01977676875639221
lab_1821,0.029844813497010788
lab_1822,0.24526236526284062
lab_1823,0.021041060728372637
lab_1824,0.1274300013428223
lab_1825,0.031583399245475964
lab_1826,0.1564096106231464
lab_1827,0.04904227627371153
lab_1828,0.2304547111413012
lab_1829,0.044328532302274064
lab_1830,0.37959555404685547
lab_1831,0.08505601880749708
lab_1832,0.060691484221155355
lab_1833,0.2542043607287302
lab_1834,0.022563025943466864
lab_1835,0.01996293372654713
lab_1836,0.029194628270854957
lab_1837,0.042929512723659295
lab_1838,0.74336425267688
lab_1839,0.028816290106671645
lab_1840,0.01996293372654713
lab_1841,0.028457337237503415
lab_1842,0.031583399245475964
lab_1843,0.22935633919110476
lab_1844,0.023579689975434994
lab_1845,0.01996293372654713
lab_1846,0.020639303068452408
lab_1847,0.13060841746395707
lab_1848,0.01996293372654713
lab_1849,0.01996293372654713
lab_1850,0.03664959341930421
lab_1851,0.028610734192225973
lab_1852,0.503207574463491
lab_1853,0.1331490044345157
lab_1854,0.01996293372654713
lab_1855,0.02172894321022344
lab_1856,0.01977676875639221
lab_1857,0.5215498431229176
lab_1858,0.15877870257448112
lab_1859,0.0344174069747949
lab_1860,0.12248952262122728
lab_1861,0.1930694996799459
lab_1862,0.01995201642634321
lab_1863,0.034817107120138635
lab_1864,0.02571090944898742
lab_1865,0.038080512920029404
lab_1866,0.020537253265126624
lab_1867,0.022767568062064956
lab_1868,0.027486333239804123
lab_1869,0.10557379336509017
lab_1870,0.035733196175302934
lab_1871,0.024695160646976425
lab_1872,0.032981639848982766
lab_1873,0.026055466796515478
lab_1874,0.4823421136344563
lab_1875,0.5571060805298707
lab_1876,0.3355777662591187
lab_1877,0.07866700704355353
lab_1878,0.058834963143910575
